w1,w2
analogue,parallel
amend,repair
eliminate,reject
bar,measure
1000,m
accolade,award
rear,rise
bod,frame
trey,trio
general,universal
loose,relax
move,strike
engagement,involvement
describe,line
3,trinity
agreement,correspondence
fill,fulfill
array,range
cite,quotation
intimacy,involvement
peak,top
advanced,ripe
ability,power
get,start
descent,stock
ahead,forwards
fat,rich
decline,refuse
exit,issue
melody,tune
strain,try
introduce,present
check,correspond
aggressively,sharply
alteration,change
elegant,refined
realize,recognize
chassis,physique
agility,lightness
draw,lot
disturb,touch
phoebe,quintet
adulthood,maturity
butt,posterior
colored,dark
fat,fatty
jump,start
answer,serve
aftermath,wake
arrange,dress
motion,question
slow,slowly
straight,true
unmoved,untouched
prompt,quick
off,sour
pinnacle,summit
advance,progression
flush,peak
chassis,figure
impact,touch
cover,top
reject,resist
keen,penetrating
maternal,parental
alleviate,relieve
adopted,adoptive
declare,hold
4,quartet
get,puzzle
fin,phoebe
acute,keen
aired,airy
fast,tight
alike,like
check,discipline
agency,office
elevation,meridian
good,just
do,execute
replacement,switch
productive,rich
exploited,used
dilute,load
accommodate,reconcile
animal,fauna
concentrated,hard
lot,pile
settle,sink
real,substantial
beat,scramble
genius,superstar
clasp,hold
inverse,opposite
sensation,superstar
free,liberal
act,deed
hardened,set
play,work
accelerator,throttle
pure,staring
fight,press
agriculture,farming
accumulate,collect
captive,intent
able,capable
advance,upgrade
triad,trinity
deny,refuse
go,work
appreciation,hold
individual,mortal
origin,pedigree
pane,zen
low,miserable
brook,stand
agreement,concord
summit,top
center,middle
booster,friend
action,execute
form,kind
agree,hold
48,xlviii
exempt,relieve
establish,ground
claim,exact
annual,yearly
charge,point
encompassing,extensive
fall,pass
rugged,tough
forgo,predate
keep,prevent
flush,wealthy
back,spine
flush,purge
ailing,poorly
cling,hang
go,spell
improper,unlawful
acceptance,adoption
substantial,substantive
root,settle
advent,coming
authority,bureau
lawful,legitimate
emotional,excited
musician,player
pure,virtuous
accelerator,gun
give,make
abide,stand
determined,set
indicate,suggest
advancement,procession
design,intention
stock,tired
bold,sheer
citation,credit
angry,furious
stake,venture
allied,confederate
divine,lord
move,run
addition,summation
delay,stay
just,only
attached,committed
anatomy,chassis
check,see
parental,paternal
depart,diverge
accomplished,realized
acting,performing
bring,play
possible,potential
abandonment,desertion
lonely,solitary
boost,encourage
sum,total
internal,national
prank,trick
flush,level
reasonable,sensible
outline,sketch
11,eleven
attention,tending
am,americium
abuse,shout
conventional,established
ambitious,challenging
brave,endure
outline,synopsis
countenance,let
countenance,permit
advanced,modern
conduct,lead
procession,rise
ride,sit
